USE activity_agent;

SET NAMES utf8mb4;
SET FOREIGN_KEY_CHECKS = 0;

TRUNCATE TABLE agent_qa_record;
TRUNCATE TABLE activity_statistics;
TRUNCATE TABLE reward_record;
TRUNCATE TABLE activity_user_record;
TRUNCATE TABLE activity;
TRUNCATE TABLE sys_user;

SET FOREIGN_KEY_CHECKS = 1;

INSERT INTO sys_user (id, username, password, role, create_time, update_time) VALUES
(1, 'admin', '123456', 'ADMIN', '2026-06-01 09:00:00', '2026-06-01 09:00:00'),
(2, 'operator', '123456', 'OPERATOR', '2026-06-01 09:05:00', '2026-06-01 09:05:00');

INSERT INTO activity (id, activity_name, activity_type, start_time, end_time, status, rule_desc, create_time, update_time) VALUES
(1, '双十一拉新活动', 'NEW_USER', '2026-06-01 00:00:00', '2026-06-30 23:59:59', 1, '新用户参与后发放优惠券。', '2026-06-01 10:00:00', '2026-06-01 10:00:00'),
(2, '618会员促活活动', 'MEMBER_ACTIVE', '2026-06-01 00:00:00', '2026-06-20 23:59:59', 1, '老会员完成签到可领取积分奖励。', '2026-06-01 10:10:00', '2026-06-01 10:10:00'),
(3, '夏季满减活动', 'SALES_PROMOTION', '2026-06-03 00:00:00', '2026-06-25 23:59:59', 1, '活动期间下单满额返现。', '2026-06-03 11:00:00', '2026-06-03 11:00:00'),
(4, '周末秒杀活动', 'FLASH_SALE', '2026-06-05 00:00:00', '2026-06-15 23:59:59', 1, '用户参与秒杀后有机会获得现金红包。', '2026-06-05 09:00:00', '2026-06-05 09:00:00'),
(5, '端午回流活动', 'RECALL', '2026-06-02 00:00:00', '2026-06-18 23:59:59', 1, '召回用户参与抽奖领取优惠券。', '2026-06-02 14:00:00', '2026-06-02 14:00:00');

INSERT INTO activity_user_record (id, activity_id, user_id, channel, participate_status, participate_time, create_time) VALUES
(1, 1, 1001, 'APP', 1, '2026-06-02 10:15:00', '2026-06-02 10:15:00'),
(2, 1, 1002, 'APP', 1, '2026-06-02 11:20:00', '2026-06-02 11:20:00'),
(3, 1, 1003, 'H5', 1, '2026-06-03 09:05:00', '2026-06-03 09:05:00'),
(4, 1, 1004, 'APP', 1, '2026-06-03 13:10:00', '2026-06-03 13:10:00'),
(5, 1, 1005, 'APP', 1, '2026-06-03 16:45:00', '2026-06-03 16:45:00'),
(6, 1, 1006, 'H5', 1, '2026-06-04 10:00:00', '2026-06-04 10:00:00'),
(7, 1, 1007, 'APP', 1, '2026-06-04 14:15:00', '2026-06-04 14:15:00'),
(8, 1, 1008, 'WEB', 1, '2026-06-04 19:30:00', '2026-06-04 19:30:00'),
(9, 1, 1009, 'APP', 1, '2026-06-05 09:40:00', '2026-06-05 09:40:00'),
(10, 1, 1010, 'H5', 1, '2026-06-05 12:00:00', '2026-06-05 12:00:00'),
(11, 1, 1011, 'APP', 1, '2026-06-05 18:20:00', '2026-06-05 18:20:00'),
(12, 1, 1012, 'APP', 1, '2026-06-06 08:55:00', '2026-06-06 08:55:00'),
(13, 1, 1013, 'H5', 1, '2026-06-06 11:35:00', '2026-06-06 11:35:00'),
(14, 1, 1014, 'APP', 1, '2026-06-06 15:50:00', '2026-06-06 15:50:00'),
(15, 1, 1015, 'APP', 1, '2026-06-07 10:10:00', '2026-06-07 10:10:00'),
(16, 1, 1016, 'H5', 1, '2026-06-07 12:15:00', '2026-06-07 12:15:00'),
(17, 1, 1017, 'APP', 1, '2026-06-07 17:40:00', '2026-06-07 17:40:00'),
(18, 1, 1018, 'APP', 1, '2026-06-08 09:20:00', '2026-06-08 09:20:00'),
(19, 1, 1019, 'H5', 1, '2026-06-08 13:25:00', '2026-06-08 13:25:00'),
(20, 1, 1020, 'APP', 1, '2026-06-08 20:10:00', '2026-06-08 20:10:00'),
(21, 2, 2001, 'APP', 1, '2026-06-02 09:30:00', '2026-06-02 09:30:00'),
(22, 2, 2002, 'H5', 1, '2026-06-02 14:35:00', '2026-06-02 14:35:00'),
(23, 2, 2003, 'APP', 1, '2026-06-03 10:20:00', '2026-06-03 10:20:00'),
(24, 2, 2004, 'APP', 1, '2026-06-03 15:10:00', '2026-06-03 15:10:00'),
(25, 2, 2005, 'H5', 1, '2026-06-03 18:40:00', '2026-06-03 18:40:00'),
(26, 2, 2006, 'APP', 1, '2026-06-04 08:10:00', '2026-06-04 08:10:00'),
(27, 2, 2007, 'WEB', 1, '2026-06-04 13:45:00', '2026-06-04 13:45:00'),
(28, 2, 2008, 'APP', 1, '2026-06-04 21:00:00', '2026-06-04 21:00:00'),
(29, 2, 2009, 'H5', 1, '2026-06-05 09:15:00', '2026-06-05 09:15:00'),
(30, 2, 2010, 'APP', 1, '2026-06-05 11:50:00', '2026-06-05 11:50:00'),
(31, 2, 2011, 'APP', 1, '2026-06-05 16:30:00', '2026-06-05 16:30:00'),
(32, 2, 2012, 'H5', 1, '2026-06-06 10:05:00', '2026-06-06 10:05:00'),
(33, 2, 2013, 'APP', 1, '2026-06-06 14:25:00', '2026-06-06 14:25:00'),
(34, 2, 2014, 'APP', 1, '2026-06-06 19:20:00', '2026-06-06 19:20:00'),
(35, 2, 2015, 'H5', 1, '2026-06-07 08:45:00', '2026-06-07 08:45:00'),
(36, 2, 2016, 'APP', 1, '2026-06-07 12:40:00', '2026-06-07 12:40:00'),
(37, 2, 2017, 'WEB', 1, '2026-06-07 18:10:00', '2026-06-07 18:10:00'),
(38, 2, 2018, 'APP', 1, '2026-06-08 09:50:00', '2026-06-08 09:50:00'),
(39, 2, 2019, 'H5', 1, '2026-06-08 13:05:00', '2026-06-08 13:05:00'),
(40, 2, 2020, 'APP', 1, '2026-06-08 20:35:00', '2026-06-08 20:35:00'),
(41, 3, 3001, 'APP', 1, '2026-06-02 08:20:00', '2026-06-02 08:20:00'),
(42, 3, 3002, 'H5', 1, '2026-06-02 15:20:00', '2026-06-02 15:20:00'),
(43, 3, 3003, 'APP', 1, '2026-06-03 09:45:00', '2026-06-03 09:45:00'),
(44, 3, 3004, 'H5', 1, '2026-06-03 13:30:00', '2026-06-03 13:30:00'),
(45, 3, 3005, 'APP', 1, '2026-06-03 19:15:00', '2026-06-03 19:15:00'),
(46, 3, 3006, 'WEB', 1, '2026-06-04 10:40:00', '2026-06-04 10:40:00'),
(47, 3, 3007, 'APP', 1, '2026-06-04 14:55:00', '2026-06-04 14:55:00'),
(48, 3, 3008, 'H5', 1, '2026-06-04 20:05:00', '2026-06-04 20:05:00'),
(49, 3, 3009, 'APP', 1, '2026-06-05 09:10:00', '2026-06-05 09:10:00'),
(50, 3, 3010, 'APP', 1, '2026-06-05 12:25:00', '2026-06-05 12:25:00'),
(51, 3, 3011, 'H5', 1, '2026-06-05 17:35:00', '2026-06-05 17:35:00'),
(52, 3, 3012, 'APP', 1, '2026-06-06 08:35:00', '2026-06-06 08:35:00'),
(53, 3, 3013, 'WEB', 1, '2026-06-06 11:55:00', '2026-06-06 11:55:00'),
(54, 3, 3014, 'APP', 1, '2026-06-06 15:20:00', '2026-06-06 15:20:00'),
(55, 3, 3015, 'H5', 1, '2026-06-07 09:40:00', '2026-06-07 09:40:00'),
(56, 3, 3016, 'APP', 1, '2026-06-07 13:15:00', '2026-06-07 13:15:00'),
(57, 3, 3017, 'APP', 1, '2026-06-07 18:30:00', '2026-06-07 18:30:00'),
(58, 3, 3018, 'H5', 1, '2026-06-08 09:25:00', '2026-06-08 09:25:00'),
(59, 3, 3019, 'APP', 1, '2026-06-08 14:50:00', '2026-06-08 14:50:00'),
(60, 3, 3020, 'WEB', 1, '2026-06-08 21:10:00', '2026-06-08 21:10:00'),
(61, 4, 4001, 'H5', 1, '2026-06-02 09:00:00', '2026-06-02 09:00:00'),
(62, 4, 4002, 'APP', 1, '2026-06-02 16:45:00', '2026-06-02 16:45:00'),
(63, 4, 4003, 'APP', 1, '2026-06-03 10:50:00', '2026-06-03 10:50:00'),
(64, 4, 4004, 'H5', 1, '2026-06-03 15:40:00', '2026-06-03 15:40:00'),
(65, 4, 4005, 'APP', 1, '2026-06-03 21:20:00', '2026-06-03 21:20:00'),
(66, 4, 4006, 'APP', 1, '2026-06-04 08:30:00', '2026-06-04 08:30:00'),
(67, 4, 4007, 'H5', 1, '2026-06-04 12:20:00', '2026-06-04 12:20:00'),
(68, 4, 4008, 'WEB', 1, '2026-06-04 18:55:00', '2026-06-04 18:55:00'),
(69, 4, 4009, 'APP', 1, '2026-06-05 09:35:00', '2026-06-05 09:35:00'),
(70, 4, 4010, 'H5', 1, '2026-06-05 13:05:00', '2026-06-05 13:05:00'),
(71, 4, 4011, 'APP', 1, '2026-06-05 19:10:00', '2026-06-05 19:10:00'),
(72, 4, 4012, 'APP', 1, '2026-06-06 10:45:00', '2026-06-06 10:45:00'),
(73, 4, 4013, 'H5', 1, '2026-06-06 14:00:00', '2026-06-06 14:00:00'),
(74, 4, 4014, 'APP', 1, '2026-06-06 17:45:00', '2026-06-06 17:45:00'),
(75, 4, 4015, 'H5', 1, '2026-06-07 09:10:00', '2026-06-07 09:10:00'),
(76, 4, 4016, 'APP', 1, '2026-06-07 12:55:00', '2026-06-07 12:55:00'),
(77, 4, 4017, 'APP', 1, '2026-06-07 18:05:00', '2026-06-07 18:05:00'),
(78, 4, 4018, 'H5', 1, '2026-06-08 10:20:00', '2026-06-08 10:20:00'),
(79, 4, 4019, 'APP', 1, '2026-06-08 14:10:00', '2026-06-08 14:10:00'),
(80, 4, 4020, 'WEB', 1, '2026-06-08 20:45:00', '2026-06-08 20:45:00'),
(81, 5, 5001, 'APP', 1, '2026-06-02 08:45:00', '2026-06-02 08:45:00'),
(82, 5, 5002, 'H5', 1, '2026-06-02 13:15:00', '2026-06-02 13:15:00'),
(83, 5, 5003, 'APP', 1, '2026-06-03 11:05:00', '2026-06-03 11:05:00'),
(84, 5, 5004, 'APP', 1, '2026-06-03 16:00:00', '2026-06-03 16:00:00'),
(85, 5, 5005, 'H5', 1, '2026-06-03 20:10:00', '2026-06-03 20:10:00'),
(86, 5, 5006, 'APP', 1, '2026-06-04 09:20:00', '2026-06-04 09:20:00'),
(87, 5, 5007, 'H5', 1, '2026-06-04 12:40:00', '2026-06-04 12:40:00'),
(88, 5, 5008, 'WEB', 1, '2026-06-04 18:25:00', '2026-06-04 18:25:00'),
(89, 5, 5009, 'APP', 1, '2026-06-05 10:10:00', '2026-06-05 10:10:00'),
(90, 5, 5010, 'H5', 1, '2026-06-05 14:55:00', '2026-06-05 14:55:00'),
(91, 5, 5011, 'APP', 1, '2026-06-05 19:50:00', '2026-06-05 19:50:00'),
(92, 5, 5012, 'APP', 1, '2026-06-06 09:15:00', '2026-06-06 09:15:00'),
(93, 5, 5013, 'H5', 1, '2026-06-06 11:20:00', '2026-06-06 11:20:00'),
(94, 5, 5014, 'APP', 1, '2026-06-06 16:40:00', '2026-06-06 16:40:00'),
(95, 5, 5015, 'WEB', 1, '2026-06-07 09:55:00', '2026-06-07 09:55:00'),
(96, 5, 5016, 'APP', 1, '2026-06-07 13:20:00', '2026-06-07 13:20:00'),
(97, 5, 5017, 'H5', 1, '2026-06-07 17:10:00', '2026-06-07 17:10:00'),
(98, 5, 5018, 'APP', 1, '2026-06-08 10:35:00', '2026-06-08 10:35:00'),
(99, 5, 5019, 'H5', 1, '2026-06-08 15:15:00', '2026-06-08 15:15:00'),
(100, 5, 5020, 'APP', 1, '2026-06-08 21:05:00', '2026-06-08 21:05:00');

INSERT INTO reward_record (id, activity_id, user_id, reward_type, reward_amount, send_status, fail_reason, send_time, create_time, update_time) VALUES
(1, 1, 1001, 'COUPON', 20.00, 1, NULL, '2026-06-04 10:30:00', '2026-06-04 10:00:00', '2026-06-04 10:30:00'),
(2, 1, 1002, 'COUPON', 15.00, 1, NULL, '2026-06-04 11:10:00', '2026-06-04 11:00:00', '2026-06-04 11:10:00'),
(3, 1, 1004, 'COUPON', 18.00, 1, NULL, '2026-06-05 09:40:00', '2026-06-05 09:20:00', '2026-06-05 09:40:00'),
(4, 1, 1005, 'COUPON', 12.00, 2, '库存不足', '2026-06-05 10:05:00', '2026-06-05 09:50:00', '2026-06-05 10:05:00'),
(5, 1, 1007, 'POINT', 100.00, 1, NULL, '2026-06-06 11:20:00', '2026-06-06 11:00:00', '2026-06-06 11:20:00'),
(6, 1, 1009, 'COUPON', 10.00, 1, NULL, '2026-06-06 15:15:00', '2026-06-06 15:00:00', '2026-06-06 15:15:00'),
(7, 1, 1012, 'COUPON', 25.00, 1, NULL, '2026-06-07 09:35:00', '2026-06-07 09:10:00', '2026-06-07 09:35:00'),
(8, 1, 1015, 'POINT', 120.00, 1, NULL, '2026-06-07 12:50:00', '2026-06-07 12:30:00', '2026-06-07 12:50:00'),
(9, 1, 1018, 'COUPON', 30.00, 1, NULL, '2026-06-08 10:20:00', '2026-06-08 10:00:00', '2026-06-08 10:20:00'),
(10, 1, 1019, 'COUPON', 16.00, 2, '用户资格失效', '2026-06-08 14:00:00', '2026-06-08 13:40:00', '2026-06-08 14:00:00'),
(11, 2, 2001, 'POINT', 80.00, 1, NULL, '2026-06-04 09:30:00', '2026-06-04 09:00:00', '2026-06-04 09:30:00'),
(12, 2, 2002, 'POINT', 100.00, 1, NULL, '2026-06-04 14:50:00', '2026-06-04 14:20:00', '2026-06-04 14:50:00'),
(13, 2, 2004, 'POINT', 120.00, 1, NULL, '2026-06-05 10:30:00', '2026-06-05 10:10:00', '2026-06-05 10:30:00'),
(14, 2, 2005, 'COUPON', 10.00, 1, NULL, '2026-06-05 18:20:00', '2026-06-05 18:00:00', '2026-06-05 18:20:00'),
(15, 2, 2008, 'POINT', 150.00, 2, '风控拦截', '2026-06-06 09:40:00', '2026-06-06 09:10:00', '2026-06-06 09:40:00'),
(16, 2, 2010, 'POINT', 110.00, 1, NULL, '2026-06-06 12:40:00', '2026-06-06 12:10:00', '2026-06-06 12:40:00'),
(17, 2, 2012, 'COUPON', 15.00, 1, NULL, '2026-06-07 10:25:00', '2026-06-07 10:00:00', '2026-06-07 10:25:00'),
(18, 2, 2015, 'POINT', 90.00, 1, NULL, '2026-06-07 18:35:00', '2026-06-07 18:10:00', '2026-06-07 18:35:00'),
(19, 2, 2018, 'COUPON', 20.00, 1, NULL, '2026-06-08 10:40:00', '2026-06-08 10:20:00', '2026-06-08 10:40:00'),
(20, 2, 2019, 'COUPON', 18.00, 2, '发券服务超时', '2026-06-08 13:45:00', '2026-06-08 13:20:00', '2026-06-08 13:45:00'),
(21, 3, 3001, 'CASH', 5.00, 1, NULL, '2026-06-04 08:50:00', '2026-06-04 08:30:00', '2026-06-04 08:50:00'),
(22, 3, 3003, 'CASH', 8.00, 2, '账户校验失败', '2026-06-04 16:15:00', '2026-06-04 15:50:00', '2026-06-04 16:15:00'),
(23, 3, 3005, 'COUPON', 20.00, 1, NULL, '2026-06-05 09:30:00', '2026-06-05 09:00:00', '2026-06-05 09:30:00'),
(24, 3, 3007, 'CASH', 10.00, 2, '余额账户冻结', '2026-06-05 15:10:00', '2026-06-05 14:40:00', '2026-06-05 15:10:00'),
(25, 3, 3009, 'COUPON', 15.00, 1, NULL, '2026-06-06 10:20:00', '2026-06-06 10:00:00', '2026-06-06 10:20:00'),
(26, 3, 3011, 'CASH', 6.00, 2, '打款通道异常', '2026-06-06 17:05:00', '2026-06-06 16:40:00', '2026-06-06 17:05:00'),
(27, 3, 3012, 'COUPON', 12.00, 1, NULL, '2026-06-07 09:45:00', '2026-06-07 09:20:00', '2026-06-07 09:45:00'),
(28, 3, 3015, 'COUPON', 18.00, 2, '券模板不可用', '2026-06-07 13:55:00', '2026-06-07 13:30:00', '2026-06-07 13:55:00'),
(29, 3, 3018, 'CASH', 9.00, 1, NULL, '2026-06-08 11:10:00', '2026-06-08 10:45:00', '2026-06-08 11:10:00'),
(30, 3, 3019, 'COUPON', 25.00, 2, '超过活动预算', '2026-06-08 15:30:00', '2026-06-08 15:00:00', '2026-06-08 15:30:00'),
(31, 4, 4001, 'CASH', 12.00, 1, NULL, '2026-06-04 09:20:00', '2026-06-04 09:00:00', '2026-06-04 09:20:00'),
(32, 4, 4002, 'COUPON', 15.00, 1, NULL, '2026-06-04 17:05:00', '2026-06-04 16:40:00', '2026-06-04 17:05:00'),
(33, 4, 4004, 'CASH', 10.00, 2, '支付渠道异常', '2026-06-05 10:10:00', '2026-06-05 09:40:00', '2026-06-05 10:10:00'),
(34, 4, 4005, 'COUPON', 20.00, 1, NULL, '2026-06-05 20:20:00', '2026-06-05 20:00:00', '2026-06-05 20:20:00'),
(35, 4, 4007, 'CASH', 8.00, 1, NULL, '2026-06-06 12:50:00', '2026-06-06 12:30:00', '2026-06-06 12:50:00'),
(36, 4, 4009, 'COUPON', 10.00, 1, NULL, '2026-06-06 18:10:00', '2026-06-06 17:45:00', '2026-06-06 18:10:00'),
(37, 4, 4011, 'CASH', 6.00, 1, NULL, '2026-06-07 10:40:00', '2026-06-07 10:15:00', '2026-06-07 10:40:00'),
(38, 4, 4014, 'COUPON', 18.00, 2, '奖品库存锁定失败', '2026-06-07 18:30:00', '2026-06-07 18:10:00', '2026-06-07 18:30:00'),
(39, 4, 4018, 'CASH', 15.00, 1, NULL, '2026-06-08 10:55:00', '2026-06-08 10:35:00', '2026-06-08 10:55:00'),
(40, 4, 4019, 'COUPON', 12.00, 1, NULL, '2026-06-08 14:35:00', '2026-06-08 14:10:00', '2026-06-08 14:35:00'),
(41, 5, 5001, 'COUPON', 16.00, 1, NULL, '2026-06-04 09:10:00', '2026-06-04 08:45:00', '2026-06-04 09:10:00'),
(42, 5, 5002, 'POINT', 60.00, 1, NULL, '2026-06-04 13:45:00', '2026-06-04 13:15:00', '2026-06-04 13:45:00'),
(43, 5, 5004, 'COUPON', 20.00, 1, NULL, '2026-06-05 11:30:00', '2026-06-05 11:05:00', '2026-06-05 11:30:00'),
(44, 5, 5005, 'COUPON', 15.00, 1, NULL, '2026-06-05 16:25:00', '2026-06-05 16:00:00', '2026-06-05 16:25:00'),
(45, 5, 5007, 'POINT', 80.00, 2, '活动资格已失效', '2026-06-06 09:55:00', '2026-06-06 09:30:00', '2026-06-06 09:55:00'),
(46, 5, 5009, 'COUPON', 12.00, 1, NULL, '2026-06-06 15:50:00', '2026-06-06 15:25:00', '2026-06-06 15:50:00'),
(47, 5, 5012, 'POINT', 100.00, 1, NULL, '2026-06-07 10:35:00', '2026-06-07 10:10:00', '2026-06-07 10:35:00'),
(48, 5, 5015, 'COUPON', 18.00, 1, NULL, '2026-06-07 14:10:00', '2026-06-07 13:45:00', '2026-06-07 14:10:00'),
(49, 5, 5018, 'COUPON', 22.00, 1, NULL, '2026-06-08 11:05:00', '2026-06-08 10:40:00', '2026-06-08 11:05:00'),
(50, 5, 5019, 'POINT', 120.00, 2, '积分账户写入失败', '2026-06-08 15:40:00', '2026-06-08 15:15:00', '2026-06-08 15:40:00');

INSERT INTO activity_statistics (id, activity_id, stat_date, participant_count, reward_count, reward_success_count, conversion_rate, retention_rate, create_time, update_time) VALUES
(1, 1, '2026-06-06', 3, 3, 3, 1.0000, 0.4200, '2026-06-06 23:59:00', '2026-06-06 23:59:00'),
(2, 1, '2026-06-07', 3, 2, 2, 0.6667, 0.4500, '2026-06-07 23:59:00', '2026-06-07 23:59:00'),
(3, 1, '2026-06-08', 3, 2, 1, 0.6667, 0.4700, '2026-06-08 23:59:00', '2026-06-08 23:59:00'),
(4, 2, '2026-06-06', 3, 2, 1, 0.6667, 0.3800, '2026-06-06 23:59:00', '2026-06-06 23:59:00'),
(5, 2, '2026-06-07', 3, 2, 2, 0.6667, 0.4000, '2026-06-07 23:59:00', '2026-06-07 23:59:00'),
(6, 2, '2026-06-08', 3, 2, 1, 0.6667, 0.4100, '2026-06-08 23:59:00', '2026-06-08 23:59:00'),
(7, 3, '2026-06-06', 3, 2, 1, 0.6667, 0.3600, '2026-06-06 23:59:00', '2026-06-06 23:59:00'),
(8, 3, '2026-06-07', 3, 2, 1, 0.6667, 0.3400, '2026-06-07 23:59:00', '2026-06-07 23:59:00'),
(9, 3, '2026-06-08', 3, 2, 1, 0.6667, 0.3500, '2026-06-08 23:59:00', '2026-06-08 23:59:00'),
(10, 4, '2026-06-06', 3, 2, 2, 0.6667, 0.3900, '2026-06-06 23:59:00', '2026-06-06 23:59:00'),
(11, 4, '2026-06-07', 3, 2, 1, 0.6667, 0.4300, '2026-06-07 23:59:00', '2026-06-07 23:59:00'),
(12, 4, '2026-06-08', 3, 2, 2, 0.6667, 0.4400, '2026-06-08 23:59:00', '2026-06-08 23:59:00'),
(13, 5, '2026-06-06', 3, 2, 1, 0.6667, 0.3700, '2026-06-06 23:59:00', '2026-06-06 23:59:00'),
(14, 5, '2026-06-07', 3, 2, 2, 0.6667, 0.4000, '2026-06-07 23:59:00', '2026-06-07 23:59:00'),
(15, 5, '2026-06-08', 3, 2, 1, 0.6667, 0.4200, '2026-06-08 23:59:00', '2026-06-08 23:59:00');

INSERT INTO agent_qa_record (id, user_id, question, generated_sql, query_result, answer, success, error_message, create_time) VALUES
(1, 1, '统计最近7天各活动的参与人数', 'SELECT a.activity_name, COUNT(*) AS participant_count FROM activity_user_record aur JOIN activity a ON aur.activity_id = a.id WHERE aur.participate_time >= ''2026-06-02 00:00:00'' GROUP BY a.activity_name;', '[{\"activity_name\":\"双十一拉新活动\",\"participant_count\":20}]', '最近7天内双十一拉新活动参与人数为 20，其余活动也有稳定参与。', 1, NULL, '2026-06-08 21:30:00'),
(2, 2, '对比 APP 和 H5 渠道参与人数', 'SELECT channel, COUNT(*) AS participant_count FROM activity_user_record WHERE channel IN (''APP'',''H5'') GROUP BY channel;', '[{\"channel\":\"APP\",\"participant_count\":52},{\"channel\":\"H5\",\"participant_count\":31}]', 'APP 渠道参与人数明显高于 H5。', 1, NULL, '2026-06-08 21:35:00'),
(3, 2, '查询奖励发放失败最多的活动', 'SELECT a.activity_name, COUNT(*) AS fail_count FROM reward_record rr JOIN activity a ON rr.activity_id = a.id WHERE rr.send_status = 2 GROUP BY a.activity_name ORDER BY fail_count DESC LIMIT 1;', '[{\"activity_name\":\"夏季满减活动\",\"fail_count\":5}]', '奖励发放失败最多的活动是夏季满减活动。', 1, NULL, '2026-06-08 21:40:00');
